ID,NAME
74400,O. Vesa
901544,O. &Aacute;bel
83779,D. Darach
703262,A. Hadrianus
751423,K. P&aacute;draic
314561,J. Alfred
859573,B. Danka
398077,J. Aparna
490098,L. Tamara
468557,B. Anastasiy
190678,X. Ruslan
525306,Y. Grete
119795,J. Sinem
865316,X. Jordana
495630,C. Toir&eacute;asa
632498,E. Pooja
609538,B. Inge
693796,V. Magnus
700567,H. Ivona
120336,U. Sekar
858310,O. Impi
520924,O. Einarr
756162,P. Royale
397281,D. Raelene
324592,K. Marta
499856,U. Manu
961888,F. Kjell
158250,Z. Islay
366410,U. Femi
26241,B. Albertine
886999,F. Draven
55789,X. Terentius
917803,R. Baak
73172,Q. Mack
257862,Y. Vivyan
706945,Z. Taniel
767685,D. Maximilian
266953,J. Dipa
151882,F. Renata
396218,C. Abbi
984870,C. Jeffrey
624869,B. Fuat
841520,B. Nola
270970,L. Bernard
778536,C. Zdenko
376200,F. Darshan
180109,Y. Gentiana
832504,M. Ceinwen
27183,M. Osanne
981064,J. Graham
814484,Z. Katsu
902105,Y. Euterpe
764851,S. Jelena
191588,D. Aditya
63245,D. Bernard
253470,K. Abiga&iacute;l
745769,P. Julia
18380,X. Karan
745907,M. Gervase
811112,A. Vishal
240235,Q. Hannelore
436628,R. Gerhard
456080,W. Pythagoras
249100,C. Jarah
856155,X. Antoninus
567812,I. Bernhard
123720,J. Redmond
258860,D. Gobnait
756539,F. Aida
284990,R. Jaylin
240432,S. Zelde
607735,K. Erle
44473,W. Ning
875814,E. Prabhakar
889079,V. Tavish
379158,X. Blagoje
722251,R. Heleentje
614819,E. Javed
405719,X. Samir
122133,J. Jamyang
745125,X. Artjoms
605532,Q. Nathana&euml;l
605459,M. Yehudit
542460,E. Ib
575419,V. Anast&aacute;zia
316638,S. Hardeep
503235,D. Iason
880979,V. Seth
984603,O. Ravenna
560013,X. Krystiana
418323,Y. Cristi
799766,H. Darija
173676,S. Jahangir
479780,C. Sabina
999882,P. Ulrich
73786,E. Soheila
785656,Z. Rizwana
775563,P. Ragnvaldr
302368,A. Lies
122610,N. Tomo
553983,W. Gaioz
320567,R. Tzeitel
30097,J. Bhaskar
759752,Z. Aishwarya
868992,R. Einarr
246898,K. Epiphany
788980,C. Eerikki
701138,J. Kristoffer
630894,P. Eutychus
467617,P. Gwilherm
333438,S. Krystian
489836,X. Temujin
58695,U. Mats
161826,W. Helen
341689,H. Hyacinth
173704,V. Etheldreda
7212,G. Yuriy
829098,U. Heriberto
553045,G. Nthanda
163656,D. Fuat
704593,K. Gautstafr
110530,A. Sparrow
213938,I. Teman
672141,Y. Mirela
481271,G. Bhaskar
641210,Q. Henye
742098,M. Cenk
85941,T. Islay
415600,Y. Damyan
582497,H. Halime
709244,I. Maximilian
866174,U. Michayla
857504,M. Trey
746034,T. Vespasien
291516,Q. Hrei&eth;arr
879296,Q. Baak
788975,K. Mars
293182,Y. Cathrine
125759,Q. Milena
917600,B. Lashonda
136323,V. Gry
631718,S. Matylda
893622,M. Manuel
13433,C. Sibonakaliso
636627,M. Minna
621245,W. Ewald
657343,B. Igon
268486,L. Huan
767419,U. Tatum
256245,H. Cai
865916,E. Maarja
817377,X. Dmitar
737510,L. Impi
840253,C. Eithne
797747,A. Henning
91263,H. Eduard
362012,R. Naomi
901147,P. Milena
761906,W. Ramesh
908945,M. Nyx
408409,S. Radomil
485895,A. Evelyn
40281,C. Lamya
929071,O. Tobin
381947,B. Jorge
723130,J. Keshia
315563,D. Amor
497277,U. Ratimir
528751,K. Tajana
84800,P. Matthias
83023,M. Pontius
659745,A. Alim
479388,V. Ramesh
435574,L. Tavish
58089,Y. Roni
499911,A. Ambra
382287,H. Pitambara
878912,D. Vivi
774624,S. Surendra
836843,C. Mathis
838165,M. Mathis
644508,B. Jubal
73249,W. Hanne
894603,I. Amalric
948822,P. Zigor
550007,R. Medeia
756717,Y. Khazhak
480020,Z. Phyllida
104711,N. Mahatma
909048,I. Paul
318328,C. Morgan
708257,K. Sandeep
113785,M. Doris
91547,J. Ece
537910,P. Meera
867526,H. Jahangir
319876,S. Claudia
694171,F. Fermin
520394,I. Raj
810943,R. M&aacute;el Sechlainn
683322,T. Dileep
704204,A. Gautstafr
566037,O. Blagun
715506,D. Anxo
620889,G. Immaculada
340276,Y. Ilia
373578,G. Mathis
135787,J. Tina
505814,P. Jelani
258285,S. Fevzi
746395,T. Thamir
808308,H. Avram
604886,K. Dmitar
725730,A. Ruslan
65443,N. Hiwot
89200,O. Njord
863359,U. Nora
628287,F. Janus
896708,U. Swithun
256982,D. Sandford
167212,O. Aarti
913024,F. Magnus
751731,N. Borghild
797117,E. Hrodger
140731,H. Eckhart
320483,R. Jagna
752955,N. Yuriy
241671,Q. Maimu
480803,F. Elsa
507096,R. Manuel
131493,R. Hanne
553670,C. Walker
477829,V. Shakir
470009,M. Kunegunda
762066,G. Teresa
974891,J. Eithne
448760,X. Doris
557252,Y. Ramachandra
468857,Z. Hyacinth
689390,R. Stephen
960784,V. Ida
62139,B. Lora
285411,S. Yehudit
268191,H. Dakota
703504,U. Tatjana
689499,T. Theresa
831728,U. Floris
477197,U. Wilfri&eth;
770547,Z. Manuel
124838,F. Mahatma
797052,N. Neirin
470754,N. Anniina
542615,M. Susumu
797072,Z. Etheldreda
514889,G. Darach
869502,N. Jeanette
148690,N. Ask
654466,V. Eukleides
112148,C. Ihar
518891,P. Nilima
865440,V. Xanthe
799640,T. Izudin
391513,F. Namrata
118889,F. Baggi
968128,E. Namrata
701297,K. Ivor
809639,I. Vivyan
774620,U. Demi
637138,W. Jeffrey
898756,O. Eleuterio
248862,K. Chlodulf
164594,L. Fu
740795,Q. Soheila
230173,T. Freyde
449974,F. Maimu
103703,W. Tessan
364507,I. Munro
96819,O. Donatello
777836,K. Robert
694458,U. Howard
971522,B. Sauli
922434,P. Lamya
501596,B. Eckhart
800678,Y. Aarti
100402,G. Wayan
915655,L. Anast&aacute;zia
148645,U. Kamala
464413,C. Justina
1073,C. August&iacute;n
903478,Y. Gry
690519,H. Danel
227637,Z. Dederick
347175,V. Ebru
957000,C. Robert
659649,W. Ragnvald
939601,J. Kumar
498153,A. Gopal
144946,D. Shihab
687302,P. Yissakhar
729657,H. Laius
203471,X. Sinta
357605,S. Abiga&iacute;l
873007,F. Rohit
6824,C. Zenobios
989229,D. Dileep
786548,Q. Abiah
502484,N. Aegidius
501545,B. Emir
429605,W. Martirio
31798,H. Iason
35286,I. Gosia
411590,W. Chibueze
599498,P. Haze
584254,O. Tryggvi
682887,T. Robert
512153,K. Swithun
471354,Y. Tobias
258191,H. Adolfo
820726,N. Ma&euml;lle
676384,T. Antoninus
728644,Z. Ealhhere
668024,O. Magdalena
238515,M. Otto
303643,S. Rodion
820409,K. Etheldreda
964814,H. Michel
676459,V. Aishwarya
453497,Y. Ivanka
957227,Z. Eva
874951,L. Michayla
452679,R. Otto
410233,Q. Emperatriz
588867,Z. Pons
894292,Y. Ties
816982,R. Gabrijel
378869,H. Eliseo
366502,K. Femi
766013,P. Moyses
111652,Z. Raffaele
833024,K. Sandford
961928,D. Inge
566353,Q. Aarti
541538,V. Kiefer
519685,G. Parth
568697,M. Theodora
887813,L. Batraz
505538,N. Alinafe
376874,O. Artjoms
309069,D. Frode
606496,R. Kamil
461893,Z. Keira
603904,A. Ask
216904,K. Matthias
23058,O. Loyd
326007,H. Maximus
978866,Z. Orval
946447,V. Euterpe
421563,U. Evonne
341358,T. Amin
663060,T. Truls
294324,H. Davorka
171478,B. Artjoms
221107,P. Jahangir
548429,Z. Willem
15033,D. Katsu
986957,V. Ingolf
326718,G. Adalbert
917170,V. Martin
40678,H. Cemil
325248,L. Eskarne
120255,W. Titilayo
387627,S. Nives
210070,R. Liliya
645474,O. Wulfstan
213523,R. Pythagoras
999268,M. Hardeep
890522,M. Konrad
392824,G. Miros&#322;awa
915751,J. Jules
252022,Z. Aarti
8132,U. Magdalena
678679,X. Baak
834863,K. Sudheer
209940,S. Queenie
343321,J. Cai
44661,Y. Alkaios
325530,E. Milivoj
648728,A. Rajendra
435817,I. Arnau
511803,W. Conor
88803,I. Tyra
428437,B. H&aacute;var&eth;r
734888,C. Cathrine
229262,C. Kalyan
459988,A. Liesje
474804,B. R&uuml;&#351;en
744315,A. Avetis
111590,I. Hlengiwe
493799,T. Brook
964326,O. Ren&aacute;ta
848417,K. Aristomache
266329,D. Kylie
122040,L. Pradip
658325,B. H&aacute;var&eth;r
4306,O. Nada
922562,S. Emil&iacute;a
379659,X. Firminus
298822,T. Hekabe
72875,N. Ajax
617571,R. Nilima
184930,A. Smadar
299438,L. Hannelore
156124,X. Tyra
589853,S. Gopal
810564,Q. Maree
677931,B. Arnie
236615,Y. Zemfira
328500,M. Anna
85960,T. Tinatin
977518,C. 'Ester
514976,N. Tobias
787138,D. Vlastimil
222441,F. Appius
555774,W. Apoorva
532751,C. Kurt
613359,D. Pontius
272404,Z. Manas
254201,P. Nthanda
186691,J. Uilleag
47322,Z. Loida
316772,F. Tel
843458,J. Roko
410062,R. K&aacute;lm&aacute;n
138624,P. Erik
203820,E. &THORN;one
126308,E. Eyl&uuml;l
312300,C. Sabahattin
174157,B. Ida
527055,S. Rafe
443868,Q. Silver
58519,O. Merav
555940,J. Nadya
235567,R. Ragnvaldr
286230,H. Albinus
814134,D. Berenice
113490,U. Owen
378581,K. Trey
878728,V. Ma&#353;a
426077,U. Washti
622942,W. Sparrow
963193,I. Mere
478157,Q. Marin
438620,Z. Eerikki
67025,Q. Ratimir
951849,K. Bishal
625843,M. Prabhakar
702368,B. Pravin
970179,B. Gotama
199829,D. Pons
61658,R. Mirela
602988,S. Alfred
173294,L. Philippos
616035,I. Orvokki
824921,B. Orvokki
487633,G. Nola
807991,D. Tenzing
395950,X. &THORN;&oacute;rv&iacute;
80164,Q. Argi
67493,Q. Aishwarya
852288,K. Darach
911122,U. Emma
786162,G. 'Elifelet
66052,H. Damijan
953656,P. Nora
284259,M. Emmet
871997,D. Chantal
314006,M. Elias
505221,U. Shankar
840722,Z. Anush
746585,V. Gunnel
845754,I. Neirin
134126,U. Henye
573505,X. Enu
118864,R. Milivoj
837228,S. Jaylin
713150,L. Radha
372473,M. Sauli
550270,T. Teresa
700368,J. Ming
538947,R. Adolfo
127667,D. Enik&#337;
102220,R. Quique
119547,U. Lora
312035,S. Tajana
20959,O. Tanvi
250303,S. Claudia
808058,E. Maret
606528,Y. Delia
209523,U. Cathal
717242,E. V&uuml;sala
981972,P. Cemil
914836,V. Diana
301996,G. Netanyahu
725858,E. Enik&#337;
656428,F. Lindsey
377967,Y. Eduard
795176,O. Audovacar
189356,O. Maarja
614786,U. Nechtan
912188,C. Chibueze
311794,O. Rama
692064,K. Hlengiwe
187124,M. Blagun
370478,W. Motel
360990,D. Nye
512241,C. Adriano
21029,G. Baggi
808882,D. Maret
909720,L. Alphaios
507559,P. Jules
690401,I. Nat&#257;lija
69563,S. Eukleides
263617,M. Lark
392109,O. Floella
283427,P. S&iacute;lvia
991234,C. Gaioz
765833,X. Tomoko
415282,E. Avksentiy
578814,Y. Otto
465952,B. Adriano
310290,R. I&eth;unn
93800,M. Hannelore
731318,H. P&aacute;draic
524841,K. Hadrianus
749282,B. Georgeta
28366,J. Brais
772764,I. Anniina
777653,N. Isolde
748741,L. Amice
300815,W. Toon
862414,A. Hr&oacute;&eth;&oacute;lfr
745333,J. Dorotheos
157988,H. Julius
287504,K. Jeffrey
537063,O. Abhijeet
267654,A. Nechtan
507872,V. Jena
762394,I. Swithun
872805,W. Kiefer
748827,R. Ger&oacute;nimo
898019,N. Aparna
527133,S. Karishma
705734,Y. Wayan
213791,V. Max
927060,W. Raj
161672,Q. Marcy
908862,H. Dominik
418111,T. D&ouml;rthe
653756,C. Lucilia
161909,O. Aleksandra
441226,Z. Emir
318350,G. Antoninus
370728,V. Wekesa
846032,A. Arnoud
752751,E. Valeria
389222,O. Sara
267459,N. Helen
160228,M. Na'amah
361533,Y. Miros&#322;awa
620116,M. Ambr&oacute;sio
753144,W. Melpomeni
106679,E. Evangelos
942406,X. &Aacute;sketill
418313,F. Henri
338258,Q. Ramesh
239302,U. Georgy
905453,Q. Ragnvald
360935,A. Yeong-Gi
851790,L. Paco
283528,P. Brygida
921327,H. V&iacute;t
146856,C. Gentiana
519951,S. Apoorva
746347,D. M&aacute;el Sechlainn
72539,F. Gabriella
909235,W. Nora
450811,T. Tryggvi
606131,D. Logan
793304,T. Cenk
182440,R. Nechtan
935448,R. Jayanti
526259,N. Torger
756870,S. Tinatin
547066,Z. Eva
193823,I. Zahide
998949,B. Marita
351666,Q. Karan
519432,V. Rajendra
178829,Y. Darija
691388,A. Xanthe
677227,R. Tatjana
922192,Q. Medeia
16612,G. Tobias
419243,K. Sara
64752,J. Livia
807749,T. Minodora
371183,L. Dave
693213,X. Tonya
618422,K. Thamir
514953,F. Berhta
182685,A. Math
59298,C. Maxen
775296,Q. Tamara
883334,I. Ada
129759,I. Lindsey
103462,V. Veeti
713678,V. Ione
927570,A. Sera
867622,P. Lewis
294434,G. Neirin
939503,T. Aarti
221924,T. Jaylin
184310,X. Math
99881,V. Elias
515705,Q. Lau
625604,O. Pushpa
944880,U. G&ouml;zde
825199,Y. Chibueze
302345,X. Seaghdh
555148,P. Parth
791348,C. Valeria
204524,F. Rashnu
200517,N. Gabriella
312290,G. Katerina
442735,Z. &#321;ucja
205660,D. Aniyah
376111,J. Manas
357975,E. Sekar
360818,O. Konstanze
3061,Y. Grete
316011,P. Jahangir
998703,L. Bl&aacute;thnaid
626789,U. Tanvi
975563,E. Disha
444713,B. Rizwana
163996,U. Baak
753228,H. Hudde
442437,J. Manuel
675547,D. Inge
803828,E. Carrol
638067,V. Zemfira
634118,R. Shayna
530258,Q. Neirin
510797,L. Ranjit
191968,C. Julia
89477,H. Chibueze
312576,N. Pitambara
838848,Q. Manu
977140,Q. Teresa
546151,M. Chico
617380,R. Brook
498528,N. Delia
877767,F. Aava
988319,G. Liisi
626122,X. Moyses
266614,G. Brook
599104,M. Shan
516055,W. Ime
891796,T. Fingall
87143,O. Darya
588807,M. Jelani
745503,C. Temujin
39581,V. Ranjit
130536,N. Malia
477578,L. Cenk
41772,P. Wilfrith
987116,V. Cai
99540,M. Carrol
337835,Y. Maarja
377548,K. Aristarchus
506156,Z. Sofia
910781,O. Sekar
709189,Y. Jyotsna
947991,Q. Shihab
654336,E. Chantal
52895,S. Star
200443,Q. Nogah
925908,L. Mere
584489,S. Quique
153327,H. Stephen
694925,P. Amir
826663,I. Rolf
79773,D. Vishal
332022,D. Veeti
88083,R. Kolab
974076,Q. Zdenko
772969,K. &THORN;&oacute;rgn&yacute;r
567512,M. Jacklyn
422818,R. Lewis
714331,W. S&iacute;lvia
45545,N. Zdenko
521621,E. Artjoms
404414,B. Ealhhere
733504,X. Sanda
155781,G. Heleentje
632469,R. Merche
205342,Q. Rajendra
894220,C. Adriano
798642,P. Arya
772797,C. Emil&iacute;a
194233,Z. Nadya
569106,J. Kaede
840901,R. Israel
686104,X. Yeong-Gi
85409,U. Ingolf
209506,M. Diana
78585,S. Roni
442146,E. Ada
709745,H. Mathis
465871,U. Tel
896555,A. Dederick
664018,Q. Malai
143979,A. Josephus
899859,I. Damijan
780032,P. Ming
388934,R. Vespasien
216993,E. Berhta
520826,O. Avetis
384298,F. Wilfrith
746578,W. Marita
805647,L. Ulrich
123401,L. Aegidius
705110,A. Ger&oacute;nimo
987892,J. Maimu
705251,I. Sakura
12969,E. Keira
543515,Q. Jayesh
502232,I. Carrol
816043,M. Merav
799943,P. Wilkie
226729,W. Rob
290636,F. Khordad
593473,B. Balthazar
459790,B. Pradip
92043,C. Marta
608345,G. Gautselin
185499,V. Euterpe
934794,R. Kunegunda
298375,C. &Aring;se
985987,J. Chlodulf
979854,F. Aarti
660179,T. Vijay
723683,Q. Unai
314345,U. Kumar
848377,R. Viviana
589459,Y. Vishal
475582,G. Krystiana
207386,W. Darcey
822051,J. Ambr&oacute;sio
703875,Y. Adalbert
115787,P. Parastu
863436,U. Magnus
70221,Z. Wekesa
957606,G. Bernhard
546185,A. Karishma
24859,P. Sinta
439301,D. Marta
816675,K. Apolinar
659212,P. Sanda
332011,I. Gerlinde
602312,G. Wulfstan
245900,E. Hlengiwe
37059,H. Temujin
85614,T. Lydia
367707,P. &Aacute;sa
491733,W. Teofil
66038,W. Raghu
792472,L. Hardeep
89479,J. Magdalena
255432,S. Chantal
309024,Z. F&aacute;bio
197405,H. K&aacute;lm&aacute;n
97106,N. Parth
248162,H. Rosalie
997623,L. Anastasiy
677513,O. Eveline
909997,U. Abiga&iacute;l
654305,J. Yeong-Gi
150526,A. Devorah
188009,G. Silver
503333,B. Trey
212284,A. Amin
661948,B. Gerhard
438897,X. Anniina
17089,C. Nora
459063,O. Swithun
273325,V. Eutychus
448233,E. Dederick
767758,B. Keshia
407464,A. Merche
732066,L. Alkaios
827526,O. Yevgeni
939743,Q. Ruben
138481,Z. Govinda
509354,K. Borghild
903719,N. Arnaude
846012,G. Tina
918623,L. Ger&oacute;nimo
914026,P. Fabiana
438050,D. Batraz
262481,U. Bern&aacute;t
696343,O. Tami
420690,V. Matthias
565331,E. Amor
378430,W. Radomil
857610,J. Aarti
196735,J. Jacklyn
305804,P. Yuriy
355474,N. Lashonda
496270,D. Onesimos
916203,T. Pradip
634958,O. Alexandr
897522,O. Khazhak
849493,U. Trey
446118,I. Gregers
737192,E. I&eth;unn
181778,A. Darach
53200,O. Fuat
316043,C. Ida
221714,R. Avram
726733,K. Yissakhar
14109,S. &THORN;&oacute;r
944074,F. Wayan
972721,O. Akbar
238533,S. Dalibor
250863,H. Irene
429782,R. Etheldreda
104951,F. Wati
744049,M. 'Ester
228398,Z. Conor
545105,C. Gwilherm
956650,J. Vishal
159378,P. Sinem
606683,P. Krystian
347543,K. Gautstafr
793094,Z. Alinafe
284594,V. Tatiana
567833,D. Darcey
915913,Q. Evangelos
233364,X. Lauren&#539;iu
16455,A. Sudheer
697743,S. Chibueze
395834,T. Ece
40953,O. Draven
449891,Z. Sera
617821,O. Eva
765584,G. Truls
74958,J. Yehudit
631847,H. Aava
719590,H. Mats
592607,A. Ajax
493981,Y. Vibol
921471,U. Daniela
851855,R. Torger
741501,G. Gosia
378000,F. Bl&aacute;thnaid
979509,Z. Sibonakaliso
8516,D. Gregers
53620,Y. Nnenna
891575,Z. Parris
234426,E. Sanjaya
143632,P. Abram
92194,T. Josu&eacute;
755843,G. Ambra
224910,R. Hekabe
363290,N. Unai
964079,T. Seaghdh
828221,D. Malai
523551,A. Ketut
482334,Z. Emil&iacute;a
454286,Z. Nalani
455863,B. Vin&iacute;cius
701159,B. Dakota
102362,Q. Vivi
184072,M. Gautselin
912532,N. Josu&eacute;
938268,I. Karthik
994160,H. Parris
704221,R. Gergana
700298,V. Neske
185631,G. Disha
301881,T. Jeremy
26679,M. Apoorva
281496,E. Aarti
434539,O. Amalric
743662,Z. Gunnel
70512,R. Ivor
943655,P. Gry
855255,W. Sudheer
375286,R. Klahan
911673,S. Longin
182492,J. Mwenye
847727,D. Hlengiwe
515923,V. Sandeep
942923,R. Hadrianus
353638,L. Rona
111358,R. Bogus&#322;awa
696514,C. Logan
937328,T. Amor
357350,V. Khordad
955268,F. Ming
701720,Z. Gry
536217,G. Ronit
676271,D. Epiphany
224243,H. Ione
880557,F. Judita
590451,M. Roni
259488,K. Vita
430884,K. Kenji
808861,Z. Ming
577365,D. Forbes
471083,E. Unai
275545,R. Tamara
533781,G. Vit&oacute;ria
527289,B. Anxo
206960,V. Nola
316456,O. Sinem
926289,U. K&aacute;lm&aacute;n
12818,I. Sabina
914947,A. Nadya
524313,N. Inge
268942,R. Hailee
331326,U. Madhu
591897,Z. Kallistrate
566578,H. Georgy
198291,F. Aegidius
357028,M. Nishant
637795,N. Della
253459,Q. Emperatriz
141347,N. Surendra
175162,C. Mats
826524,M. Apolinar
797155,U. Netanyahu
623271,G. Magdalena
981143,C. Susilo
611367,L. Raelene
910852,S. Fevzi
470049,J. Allie
64798,U. Diana
642336,N. Apolinar
495171,N. Juno
233374,Y. Nazzareno
328028,B. Hlengiwe
87382,K. Sybille
528866,H. Tanvi
696120,X. &Aacute;sa
828810,D. Klahan
210688,N. Vin&iacute;cius
800748,V. Wati
611807,L. Tryggvi
558814,N. Jayanti
166080,N. Surendra
218901,C. Minodora
48602,C. Max
763433,Q. Ties
929972,V. Roberta
262862,B. Ravenna
119133,W. Eva
136579,Q. Amina
85011,F. Pradip
105777,B. Jamyang
406743,I. Kunegunda
814432,P. Willem
126001,N. Nadya
964719,O. R&uuml;&#351;en
828083,Q. Izudin
327460,K. Madhu
373703,P. Gunnel
953212,M. Shan
647139,C. Gwilherm
614172,V. Tatjana
349481,I. Emma
602794,N. Karan
218491,O. Evelyn
283955,T. Surendra
328051,L. August&iacute;n
563252,P. Malena
818368,K. Bernard
820441,L. Martirio
853865,I. Anila
46801,S. Rohit
474415,E. Jaylin
786434,A. Jamyang
234465,Q. Aoide
350756,B. Evdokija
415094,Y. Jyotsna
873801,E. Emir
506093,W. Yahui
914751,X. Meadhbh
269057,Z. Eckhart
170375,I. Rodion
724482,Z. Meera
854474,K. Cristi
891135,B. Redmond
960466,P. Hasan
543539,N. Zinoviy
501140,L. Gentiana
128027,Y. Tyra
797903,L. Mwenye
496683,Q. Arnau
355156,N. &THORN;one
503846,C. Aava
808585,M. Magdalena
355817,K. Magdalena
396737,K. Arnborg
215300,F. Blagun
688613,I. &#321;ucjan
347224,J. Euclid
74910,W. Arnie
659407,E. Na'amah
954581,S. Howard
39937,G. Malai
389891,Y. Mats
790877,X. Sandeep
477360,T. Gautstafr
832801,P. Ea
272293,L. Arnie
185990,L. Abiah
79985,N. Gentiana
385382,Q. Hrodger
371238,V. Ties
724279,L. Minna
168988,K. Ingolf
76191,G. V&iacute;t
337025,A. Feofan
911955,J. Gavril
860872,U. Darya
684918,S. Evangelos
28471,G. Julia
689434,S. Kassandra
680844,W. Gregers
357856,H. Bishal
257020,B. Veeti
703275,V. Gunnel
19733,W. Svjetlana
635836,R. Philippos
766884,L. Blagun
617844,P. Ha-Yun
535939,M. Floris
596079,X. Veda
974024,D. Evangelos
624355,Z. Paora
619712,R. Arnie
349988,G. Sekar
89708,P. Gunnar
348937,P. Rona
476827,S. V&iacute;t
745671,O. Draven
341460,L. Sinta
376883,Y. Sandford
237323,X. Tobias
777665,Y. Sybille
722188,S. Ida
756233,P. Melisa
955991,X. Emma
174839,Q. Xanthe
324732,H. Wilfri&eth;
750191,T. Philippos
685189,P. Rajendra
125493,F. Tatiana
276891,G. Hasan
852929,R. Trey
178761,V. Torger
60462,T. Lauren&#539;iu
168603,I. Viviana
71974,M. Kjell
373707,U. Liisi
873389,X. Emilie
705218,K. R&uuml;&#351;en
372427,W. Kamon
503801,B. Lorenzo
589716,E. Grete
738175,H. Abhijeet
601595,Z. Wilkie
13611,P. Ebru
580285,R. Oriana
166906,W. Helen
250300,A. Gobnait
576139,O. Keira
2235,Z. Susilo
421825,H. Breeshey
588582,H. Iole
763821,B. Darya
702433,K. Kefilwe
644300,T. &Eacute;vrard
61765,F. Neske
162373,J. Nyx
270855,N. Baggi
137402,O. Blagoje
479908,Z. Doris
907514,A. Santina
213463,X. Evelyn
250685,K. Kamil
714292,H. Haze
181098,J. Ev&#382;en
303356,A. Johanne
185743,R. Gunnar
201966,G. Nyx
741768,T. Nola
994013,P. Maarja
847482,Q. Ingmar
355032,X. Jocelyn
557324,Q. Nora
741588,C. Sybille
476717,L. Sakura
809025,Z. Salomea
835150,Q. Fabiana
205646,G. Abiga&iacute;l
719869,W. Whitaker
921254,C. Michayla
361092,Y. Nthanda
461209,T. Arne
810187,V. Veselko
204551,F. Kumar
346734,I. Octavia
364684,B. Ramesh
352871,P. Sasha
957315,F. Godehard
965223,M. Myrthe
513999,A. Sabahattin
116254,T. Anxo
646799,S. Lauren&#539;iu
351801,Y. Euclid
481946,T. Theodora
235174,M. Urd
308934,O. Ivor
39288,Z. Andris
579273,M. Sara
679913,M. Ignaas
566624,P. Cecilio
233418,L. Sauli
560483,S. Temujin
386499,H. Louane
301494,W. Hasan
14353,Q. Henye
550848,Y. Haze
203652,W. Sara
840620,C. Chibueze
667398,T. Raabi'a
403854,V. Steenie
3946,M. Teofil
312416,P. Ranjit
790472,Z. Jelani
281006,J. Vivi
988569,C. Elwira
776249,M. Tajana
492377,T. Avksentiy
522528,L. Israel
824018,T. Ozzy
878422,H. Darija
683387,A. Whitaker
387871,U. Chandra
638673,E. Ealhhere
820299,I. Chandrakanta
381990,X. Frieda
107978,K. Eleuterio
823548,L. Oriana
535284,A. Cale
371517,Q. Emil&iacute;a
495807,V. Euterpe
991130,E. Eukleides
90906,E. Allyson
388321,J. Mere
269875,G. Hrei&eth;arr
37062,R. Gerel
736940,F. Tobias
887653,V. Jyotsna
758260,L. Floriana
156679,C. Ivor
783012,R. Howard
73816,Y. Ramachandra
334,M. Rafe
391334,V. Conor
553640,C. Tyra
768258,O. Theodora
56461,J. Godehard
194499,Y. Vivyan
674749,G. Jeanette
52442,O. Sabina
151598,U. Ravenna
850639,G. Queenie
382009,A. Nazzareno
100874,W. Adalberto
678613,A. Yeong-Gi
935525,W. Carrol
769951,H. Uzi
806223,T. Owen
867887,U. J&oacute;zsef
490229,I. Namrata
77470,D. Aoide
92712,A. Seth
559790,F. Petre
569610,W. Ramakrishna
510493,L. Indiana
685018,G. Dakota
130247,A. Amice
99474,Z. Lashonda
963998,Y. Arnaude
998433,O. Amice
392162,W. Nanuq
895493,Q. Terentius
131298,U. Pons
67207,S. Nanuq
610906,H. Akim
316035,T. Fingall
467204,O. Regina
120875,C. Andris
987898,L. Euphemia
743024,S. Ranjit
955046,P. H&uuml;sniye
661574,G. Stephen
792873,A. Tenzing
376432,S. Frieda
987339,B. Paul
819726,U. Cecilio
803283,L. R&uuml;diger
440510,N. Dionysius
428408,A. Borghild
687784,T. Kylie
159182,I. Nazarenus
934745,E. Bernhard
989960,B. Michayla
682321,Q. Chlodulf
470200,P. Gerel
490579,P. Abiga&iacute;l
848671,M. Rafe
419640,A. Tanja
401225,Z. Antheia
891756,Z. Kjell
447090,W. Bl&aacute;thnaid
249609,T. Darija
541702,T. Josu&eacute;
190957,H. Silver
85517,P. Floriana
173073,Q. Alkaios
53629,J. Uma
522846,B. Anoop
926802,S. Aarti
124631,K. Epiphany
490251,X. Santina
757039,U. Sasha
102922,I. Sperantia
320772,N. Gawain
787022,D. Azar
521715,E. Janae
828225,P. Ming
26188,T. Cathrine
72466,F. Liliya
879114,D. Gotama
166622,C. Aku
577820,Q. Walker
80158,U. Hailee
663595,U. Ravenna
526805,C. Shakir
656340,N. Nath&aacute;lia
542779,M. Maximus
551145,R. D&ouml;rthe
101078,Z. Rosalie
110155,N. Chandra
986484,G. Lamya
660805,A. Rodrigo
415429,S. Paco
275708,B. Jaylin
465302,K. Christian
69729,G. Nyx
778414,H. Tobias
161338,A. Severi
224995,K. Rodion
896187,D. Nath&aacute;lia
848603,Q. Hannelore
539789,X. Bernhard
243137,U. Liisi
577921,O. Dionysius
381265,Y. Sonal
923839,Z. Theodoor
760062,X. Tim
201807,H. Sekar
307968,Y. Kiefer
634657,E. Breixo
93694,B. Kamala
335349,U. Tatum
937443,B. Ties
12837,Q. &Aacute;sketill
192422,H. Jeremiel
519356,G. Ealhhere
166331,Y. Avksentiy
159773,Z. Prabhakar
83531,Z. Milka
555036,B. Kumar
684443,R. Kassandra
458235,B. Evangelos
569923,I. Manasseh
951287,F. Jayesh
361683,X. Raj
299118,S. Vural
349673,Z. Ahenobarbus
775409,C. Keira
770368,B. Eleuterio
559546,I. N&aacute;ndor
39130,B. Star
574075,W. &Eacute;vike
704170,V. Tatjana
672552,S. Claudia
89846,C. Uzi
820965,Y. Jena
822452,H. D&ouml;rthe
854369,C. Laius
118524,R. Neirin
955588,X. Sakura
483867,E. Urd
313407,L. Veeti
812263,O. Aristides
401524,Q. Ashwin
610381,J. Raabi'a
631255,Y. Gavrila
499855,T. Gabriella
382512,Q. Temujin
438999,U. Allie
269199,E. Kaede
944502,Z. Chantal
632997,V. Euterpe
309273,U. Marita
543253,I. Irmak
318927,P. Breixo
997979,Q. Yehudit
912231,D. Prabhakar
895005,D. Emma
238062,Q. Garbi
744473,W. Ghassan
457434,C. Kumar
932427,H. Leocadio
259880,N. Halvdan
176666,Q. Pythagoras
838987,H. Nail
853041,S. Karishma
72498,V. Paul
803457,X. Cyrille
932993,D. Siward
95982,C. Regina
248011,V. Prudentia
872947,M. Sinem
800551,K. Ev&#382;en
843084,L. Kefilwe
434776,A. Nail
669656,Q. Terence
211682,G. Theodoor
77061,P. Ragnvald
648306,J. Tatiana
880768,J. Darya
43645,U. Detlef
114145,T. Gisila
208912,Y. Wynne
153572,H. Kolab
491378,B. Nurettin
57609,X. Liisi
850244,N. Taras
814218,B. Theudhar
328186,T. Javed
662912,F. Alida
562871,J. Justina
969145,K. Chantal
846866,M. Glooscap
939561,I. Ajax
456601,K. Darla
720621,D. S&iacute;lvia
101016,H. Appius
153930,P. Euterpe
231878,D. Arne
235149,Y. Ragnvald
325133,F. Jankin
717137,X. Eurydice
800461,J. Hanne
408359,E. Avram
867564,R. Gosia
129204,Y. Prabhakar
895640,S. Nechtan
378554,H. Kumar
655006,F. Tavish
406008,Z. Chandra
995976,W. Magdalena
501258,U. Gavril
3297,N. Sybille
743707,A. Sujay
876062,S. Albinus
924442,M. Eurydice
397402,N. Beniamino
694240,D. Batari
629176,N. Tafadzwa
14044,M. Darija
544459,E. Tatjana
783294,A. Indiana
699694,L. V&iacute;t
140525,B. Hudson
78052,B. Kefilwe
452524,X. Ruslan
500915,V. Val
324240,C. Lillian
592782,G. Zipporah
22067,O. Eveline
879950,Y. Chico
975211,O. Aleksandra
57692,L. Jules
411502,Y. Hanne
961352,H. Alphaios
574806,Z. Coos
897420,E. Djuradj
824836,S. Aristomache
251958,U. Oriana
350146,S. Gavril
41760,O. Albertine
322776,D. Ingolf
694453,H. Raza
192791,P. Amice
528794,D. Nthanda
127580,R. Justinian
913591,P. Gentiana
284230,N. Jagna
450089,S. Hadrianus
40345,Q. Onesimos
101745,V. Ma&euml;lle
178749,L. &#321;ucjan
54651,O. Inge
945499,T. Vita
508169,B. Ramesh
820714,N. Krystiana
852010,B. Tryggvi
586621,P. Tonya
381491,D. Arnoud
829401,Y. Kylie
436067,T. Aegidius
597791,I. Bartholomew
322488,H. Mwenye
151498,G. Kyrilu
529027,D. Jules
383723,F. Fortunata
806744,M. Billie
211862,F. Fulgentius
907562,E. Quy&#7873;n
178506,D. Amina
374841,W. Gwawr
54678,Z. Adrianus
508091,N. Gu&eth;laug
978589,X. Akim
626258,S. Surendra
12596,F. Eliseo
265184,Z. Renata
813965,Q. Coos
943170,U. Tinatin
619239,F. Leonidas
366167,M. Bernhard
318401,M. Hailee
621988,O. &Aacute;sketill
880634,N. Motel
523486,Z. Juno
575066,D. Neela
888792,Q. Hrodger
316673,J. Harshal
445332,D. Gwilherm
688964,B. Enrique
876969,A. Djuradj
929062,T. Dileep
475739,R. Anastacia
839488,B. Berenice
171806,G. Tyra
34424,K. Willabert
294714,U. Filip
275772,W. Moyses
705811,Y. Xanthe
525099,G. Lora
879438,X. Eva
209077,Y. Baylee
535991,H. Jena
917326,N. Chantal
815321,R. Emperatriz
856232,M. Lennart
569009,E. Philippos
218836,W. Fflur
136031,E. Torger
263763,X. Uilleag
253976,K. Renata
472837,B. Bohum&iacute;r
238747,M. Cristi
690047,F. Jayesh
223723,U. Fu
363260,G. Seth
683726,S. Thamir
590265,U. Gu&eth;laug
915901,B. Fortunata
622320,O. Ave
882134,I. Nazarenus
605015,L. Bhaskar
720026,T. Unai
219258,S. Jelena
458552,P. Javed
609714,S. Z&eacute;
223519,M. Sanda
594683,R. Dumisani
998978,D. Robert
658566,Z. Jeremy
614900,H. Miho
747418,C. Arnborg
265198,I. Elsa
220582,J. Irmak
563601,P. Darcey
76872,X. Abhilash
132979,T. &THORN;&oacute;rv&iacute;
300933,I. Neske
832273,M. Lydia
346678,N. Audovacar
107912,H. Kyo
919007,E. Milivoj
220095,G. Apoorva
766276,C. Susumu
763949,X. Bern&aacute;t
436838,N. Liesje
631851,G. Anoop
65419,T. Anant
327806,W. Vivyan
851266,T. Jarah
258119,X. Neo
430500,S. Miho
489776,R. Tami
639620,P. Peony
615643,D. Hailee
392749,B. Maitland
97005,B. Alinafe
951930,O. Maree
68560,K. Alb&iacute;na
445872,S. &Eacute;owyn
291489,J. Morgan
187607,W. Tamara
430702,E. Orval
253266,U. Edith
392235,X. Gu&eth;laug
443912,I. Zdenko
452467,Y. Helena
583582,M. Gawain
621838,I. Yulian
432213,A. Wilfrith
361385,D. Medeia
33619,X. Jena
335217,N. Karishma
35330,H. Amir
383883,I. Tamara
661177,T. Batsheva
820403,W. Coos
977059,C. Archimedes
229270,E. Pradip
421192,A. Titilayo
404093,J. Santina
952443,E. Fu
496743,F. Milka
43121,E. Sekar
231197,T. Agnessa
192966,D. Diana
321177,I. Wilbur
229189,L. Mihaila
352579,B. Hekabe
792611,O. Ramesh
478806,T. Kyrilu
219005,Y. Eveline
717166,D. Floris
920345,K. Jesenia
49103,P. Teresa
44731,R. Loyd
834791,A. Toir&eacute;asa
871748,P. Tatum
255538,W. Kyo
607998,G. Vidya
877694,U. Sakura
458715,R. Amir
351977,W. Retha
441753,T. Benjy
763372,S. Milena
700719,B. Aristides
431323,Q. Abhilash
291939,J. Yvonne
259627,F. Manuel
596360,L. Rizwana
206979,D. Marta
528281,O. Coos
512709,A. Z&eacute;
140654,R. Wilfrith
487941,R. Zemfira
785767,X. Shan
227098,K. Vespasien
133111,S. Anxo
249348,B. Lillian
444740,R. Vita
28249,E. Vencesl&aacute;s
962331,F. Dimitris
982343,Y. Retha
805450,G. Shanti
868351,T. Alesia
220147,A. Tobin
421923,S. Halvdan
792118,X. Yuriy
235183,G. Meadhbh
490306,Q. Ketut
681835,H. Rahul
203818,Z. Baylee
998617,O. Israel
450914,S. Arthur
486110,L. Tina
416633,J. Lysimachos
394148,M. Emir
399033,Q. Korinna
206876,E. Sudheer
593656,E. Shihab
155733,H. Josu&eacute;
100086,P. Zephyrus
471348,U. Tex
782228,U. Tessan
689732,I. Rafael
681801,C. Evdokija
576906,A. Samira
85793,N. Vidya
341573,L. Linus
109948,T. Benedikt
835656,G. Bern&aacute;t
579652,E. Samira
304267,Q. Marita
991844,Q. &THORN;&oacute;rgn&yacute;r
447834,M. Ketut
573291,X. Daniel
588363,B. Cyrille
431325,M. Merav
894296,D. Daniel
728811,J. Rama
941528,W. Hudson
214283,W. Hudde
267245,K. Brijesh
582679,C. Kolab
644204,Q. Gautselin
454282,N. Leonidas
396841,A. Tim
415087,W. Keshia
908051,M. Maret
82611,G. Terence
565125,E. Govinda
478624,R. Minodora
439544,K. Wayan
435587,E. Firminus
732627,S. Loida
20398,K. Shihab
497051,K. Roni
255846,P. Terence
349870,Q. Kyo
153402,B. Euclid
776390,P. Marta
54489,P. Lewis
83705,B. Lillian
684657,W. Njord
849190,M. Viviana
57841,M. Lamis
883901,T. Cyrille
915734,J. Naomi
617369,W. Gwawr
883103,I. Einarr
441746,E. Conall
234828,K. Claudia
992984,R. Sasha
983458,R. Breixo
272578,J. Gaioz
53604,K. Apoorva
780819,J. Floriana
334712,K. Bogus&#322;awa
163074,F. Orvokki
173957,O. Vesa
966323,P. Raelene
588946,L. &Aacute;sa
553154,V. Irene
298491,H. Tryggvi
260545,Z. Martin
688295,Q. Tex
602139,P. Indiana
531833,I. Sinem
216870,M. Arya
39825,R. Kamon
154100,E. Raghu
852438,M. Seaghdh
189328,G. R&uuml;diger
764828,O. Khordad
263594,J. Hrei&eth;arr
567522,D. Kolab
701747,K. Konstanze
582876,X. Haroldo
642995,B. Kamil
983122,U. Jyotsna
2711,L. Baylee
176213,H. Shane
222104,Q. Tyra
682425,I. Byelobog
507930,Y. Rebekka
3900,W. Euclid
707588,O. Fflur
948869,I. Siward
513401,Q. Seth
629665,S. Beniamino
438914,F. Euphemia
423824,Q. Apolinar
206045,M. Manuel
338730,Q. Hadrianus
120371,M. Krista
327865,Y. Amin
165861,S. Rahul
236497,J. Quy&#7873;n
71606,I. Sevinj
404411,B. Zephyrus
758385,I. Quique
320331,G. Klahan
909985,N. Aegidius
265731,F. Washti
636045,Y. Arminius
317226,E. Iole
360443,Z. Anastacia
983796,S. Ruslan
802865,K. Tryphosa
944295,C. Gavril
423910,R. Nora
728071,O. Kiefer
549341,E. Brijesh
109826,D. V&uuml;sala
608303,T. Anka
69054,B. Ewald
463275,A. Dakota
47610,A. Ece
254577,N. Abiga&iacute;l
113928,G. Julia
255328,X. Uilleag
117693,S. Dakota
124846,J. Ilia
515536,M. Aarti
628494,P. Julius
67739,G. Miren
193839,J. Rona
172657,Q. Washti
757040,N. Vencesl&aacute;s
18596,F. Nnenna
878088,V. Mars
93901,S. Maximus
502719,E. Wynne
530878,T. Sudarshan
444111,P. Orvokki
911167,W. Zephyrus
216568,Q. Ingolf
237109,Z. Arthur
956586,P. Aristides
210569,W. Tegid
427000,A. Oldrich
546142,S. Darshan
296066,N. Jelani
709761,P. Kurt
929759,H. Konrad
564362,G. Gu&eth;laug
198977,T. Sonal
296879,O. Aniyah
422032,X. Hudde
345363,G. Hadrianus
148098,A. Runa
634620,A. Ihar
373566,C. Nurettin
555191,R. Parth
662327,E. Sudheer
356173,I. Darya
220819,H. Arnborg
933753,P. Karan
700336,T. Daniel
277608,K. Bernard
200519,U. Z&eacute;
347156,S. Jahangir
844125,Z. Drousilla
194145,S. Emperatriz
444446,U. Torger
555493,T. Vivyan
922100,M. Marcy
793540,T. Raelene
890570,N. Sujay
686130,H. Pradip
907139,E. Karishma
980599,C. Daniela
969002,T. Maarja
652064,U. Tobin
288601,V. Christian
775668,C. Ilia
193980,A. Batsheva
775218,G. Gunnel
299908,M. Ahenobarbus
706436,M. Freyde
823812,S. Wynne
349190,Z. Melpomeni
884487,L. Antonija
352325,H. Zahide
275192,E. Viktor
831766,L. Euclid
410926,H. Damyan
233489,D. Peregrine
233210,Q. Georgeta
143127,Q. Tegid
724498,M. Lauren&#539;iu
210546,A. Jyotsna
948426,E. Tzvi
782263,V. Kurt
938907,V. Manu
379156,A. Jamyang
625799,A. Hasan
149992,L. Gerhard
228923,D. Tryggvi
785867,N. Sonal
990601,Z. Juno
782969,T. Melisa
143570,V. &Eacute;vike
41406,B. Bruce
128542,I. Jacklyn
726283,N. Tarek
577592,M. Ramesh
425507,N. Gry
528894,S. Mihaila
704012,P. Dave
657299,U. Nishant
728917,Z. Cathal
268058,D. Dipa
191913,Y. Tamara
852808,O. Davorka
9582,H. Chinedu
10354,Q. Melisa
266050,V. Euphemia
526511,Z. Chantal
541300,Y. Klahan
453544,D. Disha
987742,C. Kolab
387143,Z. Domitius
567469,W. Karan
860041,Q. Gautselin
687413,E. Hudson
945094,M. Oldrich
291587,Q. Ida
844182,A. Whitaker
380857,Y. Pravin
171127,X. Sakura
721946,Z. Tanja
848987,W. Eliseo
179467,L. Julius
787497,U. Vespasien
285267,H. S&eacute;gol&egrave;ne
948117,N. Floriana
837287,Z. Kalyana
894637,F. Nat&#257;lija
681764,Y. &#304;smail
869977,R. Carola
149279,K. Anila
248587,Z. Manu
435961,Q. Biaggio
936017,L. Kjell
85211,S. Motel
409478,C. Uilleag
402820,Z. Aparna
363990,K. Fu
303148,K. Terence
277946,T. Kamon
774634,S. &Aacute;bel
264600,M. &THORN;&oacute;r
651341,B. Marita
502325,G. Runa
193945,V. Trey
413615,A. Arminius
106429,E. Aristides
80325,C. Gobnait
695839,W. Israel
333826,I. Lennart
165415,M. Helen
945256,L. Heriberto
5984,A. Prudentia
559770,R. Bishal
361407,E. Theodora
728867,A. Dipa
126618,T. Gaioz
875597,G. Hekabe
419497,Z. Amice
407377,S. Haroldo
741918,D. Merry
56048,W. Njord
631058,S. Taniel
386557,L. Eliseo
258562,M. Kurt
881341,P. Tobin
148019,W. Irmak
461418,J. &AElig;thelthryth
218230,O. Indiana
205253,V. N&aacute;ndor
216784,C. Shanti
543809,W. Radomil
450930,X. Aarti
105838,E. Brais
43564,B. Robert
941700,K. Eukleides
730214,D. &Aacute;sketill
31887,P. Martin
927044,W. Gavrila
595173,V. Sanda
402804,X. Anoop
515353,M. Ma&#353;a
878075,C. Kasi
529660,V. Quy&#7873;n
29878,F. Chingis
740137,P. G&ouml;zde
905655,Z. Domitius
169403,C. Aleksander
406978,K. Willabert
554230,S. Draven
18536,W. Terentius
541813,Z. Hr&oacute;&eth;&oacute;lfr
180111,B. Fingall
597192,T. Marta
146910,O. Fortunata
120530,Z. Leif
915747,S. Liesje
164227,N. Taniel
843740,X. Wilbur
688870,M. Haroldo
904868,C. Petre
708520,T. Chantal
159986,N. Khordad
193844,F. Fermin
432286,F. Ketut
435226,O. Toir&eacute;asa
144366,P. V&iacute;t
806270,Q. Zelde
485531,E. Tatum
76488,E. Mahatma
207019,L. Dijana
796280,Z. Nat&#257;lija
843273,F. Emperatriz
258777,H. Lorenzo
88805,D. Louane
330530,W. Glooscap
273147,C. Bernard
789605,W. Deep
598365,H. Art
106404,T. Soledad
867953,C. Hannelore
417900,F. Gavril
814410,Y. Shakir
237596,Q. Hanne
317353,X. G&ouml;zde
167887,J. Wayan
458786,A. Sekar
105795,Q. Surendra
273143,T. Tim
320921,H. &Aacute;sa
970703,U. Shihab
611007,K. Ilia
983055,U. Firminus
246835,Q. Dmitar
596190,D. Rozika
463406,P. Jeremy
767359,L. Milivoj
201469,M. Francisco
539304,F. Surendra
299099,Y. Teresa
557341,W. Iahel
521049,J. Carola
502857,M. Benedikt
862389,L. Ramesh
374775,T. Paul
128820,K. Tamara
971406,H. Raghu
659329,M. Thamir
14898,Z. Avetis
152830,Y. S&iacute;lvia
146825,H. Gopal
413892,C. Jasna
339227,R. Taalay
253593,W. Torger
943641,N. Philippos
177668,L. L&iacute;gia
672619,E. Leonidas
887278,T. Ratimir
927442,W. Halime
582606,E. Darcey
173690,C. Valeria
187750,I. Aparna
268497,K. Godofredo
398986,Z. Benayahu
342405,U. Raelene
694944,A. Padma
436360,H. Seaghdh
334014,A. Kasi
105726,U. Ebru
290801,U. Apollon
188338,A. Ivona
872030,K. Gabrijel
379278,H. Albano
180236,C. Konrad
169997,L. Karlo
723335,Z. Doris
485422,G. Zephyrus
911314,O. Tatum
693043,I. Edith
361860,P. Adolfo
554243,J. Dave
449723,X. Eva
462191,J. Theodoor
930875,M. Terentiy
625720,F. Mckayla
490367,Y. Rashnu
735188,G. Adriano
32803,K. Whitaker
270490,D. Kyo
408396,H. Bl&aacute;thnaid
29126,F. Halvdan
790018,W. Donatello
911527,V. Hilda
662150,I. Gopal
957224,K. Jahangir
655508,X. Kasi
419242,V. Antheia
233841,L. Anka
916969,T. Lorenzo
574350,T. Shakir
529491,D. Valeria
938024,C. Avinash
704685,X. Hasan
725103,B. R&uuml;diger
179515,Q. Ambr&oacute;sio
721566,A. Zahide
623647,I. Wulfstan
338476,U. Tajana
810072,B. Silver
731478,J. Wulfstan
980905,K. Benjy
628949,N. Tzeitel
608981,Q. &#272;ur&#273;ica
899544,B. Toir&eacute;asa
947865,M. Sera
379664,W. Nives
685308,J. Dakota
632689,H. Euclid
221908,A. Impi
272510,U. Benjy
192891,X. Veeti
495826,O. Ruben
487685,T. Enrique
79996,D. Apoorva
967612,G. G&ouml;zde
107758,K. Ranjit
672294,O. Meera
80463,R. Godfried
566106,B. Michele
78896,N. Nalani
676832,Z. Raj
922108,P. Ruben
236397,J. Judita
357088,H. Nogah
492932,J. Ilia
339796,J. Padma
651950,F. Chantal
20337,J. Dorotheos
299785,P. Anna
816720,Y. Philippos
302618,U. Antheia
771090,M. Darshan
334731,R. Karthika
118876,X. Vlastimil
539419,H. Rachele
544227,J. Gerlinde
29314,Z. Octavia
679990,Q. Evangelos
128943,L. H&uuml;sniye
114433,R. Oldrich
908971,A. Pythagoras
738152,I. Matthias
581451,F. Surya
926552,L. Topias
369805,F. Aishwarya
395172,U. Samir
626765,O. Wekesa
736877,C. Marin
805972,D. Fingall
400156,T. Raabi'a
598327,M. Hilda
593667,L. Kalyana
340990,C. Jahangir
43987,W. Abhilash
92452,D. Judita
979315,G. Ganymede
44374,P. Nail
972281,K. Cyrille
750671,E. Gerel
228384,M. Darshan
705788,J. Ties
1855,N. Aniyah
404025,L. Andromache
214327,U. Philippos
100693,Q. Cenk
569837,E. Nadya
198692,U. Tzvi
532923,R. Tegid
219816,G. Tanja
937371,G. Carola
767317,F. Alfred
167682,G. Ingmar
843913,P. H&uuml;sniye
410167,P. Emir
792995,Q. Howard
362202,B. Lamis
545666,R. Isolde
486502,A. Mathieu
405237,H. Bernhard
140545,O. Gregers
59880,U. Diana
794273,M. Hyacinth
421038,X. Wilfrith
830223,K. Aegidius
516758,T. Zvi
122151,G. Benjy
109367,A. Raghu
835532,L. Halime
757121,S. Darach
897667,I. Mats
473899,E. Hadrianus
268172,Q. Izudin
205563,Q. Sandford
35786,A. Adalberto
68896,U. Ramachandra
191047,A. Runa
816766,C. Bl&aacute;thnaid
855897,A. Ketut
255972,E. R&uuml;diger
166141,H. Seaghdh
512992,M. Rama
928902,L. Abdul
531751,G. Devorah
392501,O. Bartholomew
247384,Q. Konstanze
998734,N. Ikraam
602372,Q. K&aacute;lm&aacute;n
245512,V. Lysimachos
615589,V. Ger&oacute;nimo
168910,V. Wilfrith
782801,X. Pooja
167315,U. Kylie
134778,F. Anast&aacute;zia
890484,O. Abiga&iacute;l
566249,U. Ignaas
570530,R. Rohit
673987,V. Yeong-Gi
742002,R. Enu
93756,S. Haze
35425,S. Petre
431974,B. Dmitar
790005,Z. Aida
861339,F. Moyses
884243,H. Lillian
861799,H. Leif
895607,B. Ravenna
176714,T. Quy&#7873;n
521888,H. Temujin
303376,V. Biaggio
809856,N. Endymion
174765,P. Uilleag
460152,S. Njord
562214,F. Ajax
529056,K. Alwin
269531,X. Arne
31022,G. Sascha
812264,C. Heleentje
248333,C. Bl&aacute;thnaid
68389,D. Hyacinth
920725,Z. Shane
941547,P. Aparna
462712,V. Pooja
618833,N. Hailee
61038,A. Albinus
712517,V. Ebru
623167,T. Iain
879871,N. Xanthe
156615,A. Sonal
711755,Z. Amin
639047,E. Nuh
973915,H. Eveline
664687,L. Lashonda
501366,S. Gu&eth;laug
377997,J. Odell
662469,O. Darcey
732935,U. Lillian
1352,Z. Chantal
128084,A. Manas
151371,G. Teofil
374588,J. Teofil
123945,Y. Apollon
90559,T. Teresa
229538,D. Regina
607535,O. Mats
786356,D. Alim
35643,Z. &THORN;&oacute;rv&iacute;
36996,A. Seaghdh
681432,A. Ewald
832803,I. Aarti
723744,R. Benedikt
364041,S. Della
454601,L. R&uuml;&#351;en
189183,V. Etheldreda
291060,Y. Brais
45264,F. Mahatma
6357,A. Yehudit
759924,C. Bern&aacute;t
703815,D. Lennart
516916,C. Surya
430149,C. Heleentje
627866,E. Walker
235967,D. Chingis
843063,O. Manas
689303,R. Vencesl&aacute;s
43169,R. Brynjarr
951070,Q. Kunzang
533526,G. &THORN;one
823632,A. Tatjana
527450,G. Irmak
546447,J. Arya
486544,X. Rob
345816,X. H&aacute;kon
368788,S. Kumara
784998,L. Taniel
201980,S. Javed
406091,Q. Wynne
949326,I. Valeria
385034,Q. Mora
394647,T. Jaylin
327321,Y. Anoop
906799,Y. Amir
13475,N. Titilayo
101950,Z. Adolfo
394111,L. Lamis
181020,R. Phyllida
540643,Y. Ma&#353;a
479339,L. Maimu
273383,F. Toon
142943,N. Surendra
604935,K. Vulcan
122212,D. Wen
806288,U. Latifah
409484,Q. Cecilio
774862,D. Shakir
108077,D. Petronela
452299,H. Ajax
274950,C. Berenice
109555,B. Kalyana
779746,C. Byelobog
845679,P. Taalay
337448,V. Paco
741597,V. Maitland
953000,L. Ina
307740,N. Fu
107167,N. Quy&#7873;n
553262,A. Kjell
568468,W. Alkaios
618462,L. Vural
88280,G. Aditya
405273,F. Eveline
896762,J. Sparrow
469546,O. Valeria
137100,K. Surendra
34078,Y. Sasha
38240,Q. &Eacute;owyn
846957,E. Raghu
33577,M. Evangelos
561087,F. Padma
735574,L. Hj&aacute;lmarr
699981,T. Euphemia
59243,P. Avetis
935572,E. Gotama
167960,G. Judita
649540,L. Latifah
187878,Z. Philippos
891050,Y. Nanuq
211357,P. Merry
456453,E. Zahide
703188,S. Jena
764013,H. Washti
484607,Q. Gabrijel
718770,M. Apolinar
691747,Q. Sudarshan
389243,T. Naomi
602646,H. Susumu
439122,R. Byelobog
484639,B. Theresa
791313,M. Arnau
10309,E. Tegid
713557,P. Roko
855386,W. Alinafe
299855,O. &Aring;se
516509,Z. Titilayo
675154,T. Lydia
809868,V. Orvokki
475243,R. Katerina
1884,R. Tonya
456072,I. Temujin
915246,T. Parris
631332,N. Eva
787959,H. Namrata
477074,U. Nada
117897,G. Hiwot
427445,W. Rashnu
538905,F. Ratimir
156509,E. Abdul
171306,T. Mats
311006,P. &Eacute;vrard
32062,Y. Chingis
554014,K. Blagoje
640875,M. Danka
777252,Q. Aparna
714619,M. Prudentia
628371,P. Manasseh
424105,U. Aegidius
220817,J. Sybille
941279,Z. Vangel
586482,V. Jacklyn
947739,H. Gosia
551712,N. Anila
111957,G. G&ouml;zde
214,E. Lennart
999986,B. Isolde
660485,V. Delia
656867,E. Arne
315352,D. S&iacute;lvia
627536,H. Ada
595302,L. Francisco
674724,V. &THORN;&oacute;r
813752,J. Susilo
160071,K. Apolinar
468935,L. Coos
250124,F. Friduman
137887,A. Anant
526965,W. Eduard
988968,S. Aditya
164052,A. Ev&#382;en
739875,L. Maximilian
27444,R. Phyllida
91525,S. Alexis
969779,Z. Ulrich
819433,Y. R&uuml;diger
450444,L. Temujin
544727,U. Anast&aacute;zia
279708,S. Mere
563142,Y. Drousilla
648549,W. Sascha
960857,L. Allyson
119252,S. Sudheer
555123,X. Argi
852884,M. Willem
608142,V. Antheia
821111,E. Mars
524481,P. Ivanka
346034,V. &AElig;thelthryth
458988,D. Hyacinth
211401,U. Washti
714457,Z. Ravenna
563457,E. Ivor
949479,H. Seaghdh
718979,P. Siward
515676,Q. Dervla
324858,V. Rajendra
396648,L. Avksentiy
901639,N. Vidya
850444,Z. Surya
748383,R. Milivoj
792212,M. Allie
205455,X. Dimitris
48259,T. Balthazar
928503,O. Orval
815964,N. Terentius
530077,L. Nuh
37638,X. Rosalie
883374,T. Bartholomew
346994,T. Odell
24343,T. Krystian
531266,R. Malai
377677,C. Gr&oacute;a
682828,S. Abram
485490,L. Femi
671252,T. Robert
848255,P. Narayan
837612,F. Abiga&iacute;l
680156,C. Graham
721921,E. Danel
421896,P. Morgan
24185,F. Damyan
726895,B. Oriana
93482,F. Zenobios
106130,C. Tobin
967466,G. Ratimir
225872,H. Terence
689852,G. Wilfrith
272408,M. Theresa
907883,O. Endymion
414018,M. Dimitris
88251,B. Govinda
690092,Q. Davorka
457700,G. Vita
439333,Q. Eckhart
596200,J. Ketut
227912,X. Aarti
864547,T. Rahul
576447,Y. Tyra
730636,F. Adalberto
706810,F. Chinedu
12962,Z. Demi
696709,Z. Nogah
168433,P. Scout
594610,L. Ranjit
493436,X. Arjun
536161,V. Tonya
87394,W. Mars
501099,D. Darla
457433,X. Eliseo
678316,G. Washti
101998,U. H&uuml;sniye
752663,T. Tinatin
873558,I. Janus
74518,O. Shelly
945321,U. Robert
2488,C. Ramachandra
955541,W. Nalani
10683,O. Rona
440323,L. &THORN;&oacute;rgn&yacute;r
185048,D. Ragnvald
658877,H. Halime
950061,W. Zipporah
748693,P. Astrophel
28824,R. Euphemia
262492,W. Oph&eacute;lie
529545,L. Hlengiwe
574247,I. Danka
261145,L. Rajendra
683038,Q. Darshan
570563,C. Djehutimesu
630530,I. Rohit
392253,B. Arnau
552441,K. &Eacute;vike
279527,A. Frode
684474,I. Maia
260717,D. Cristi
60770,M. Danel
655675,B. Eerikki
579237,E. Aoide
256183,R. Pontius
913887,Y. Renata
621643,R. Indiana
681169,T. Johanne
966024,K. Euphemia
550726,I. Ulrich
896949,H. Madhu
523533,J. Cadmus
386019,P. Arnau
495090,K. Marianita
323773,H. Royale
540765,L. Ilia
321294,E. Mats
131775,J. Femi
720901,N. Raabi'a
117495,L. Oph&eacute;lie
100401,Z. Yehudi
715517,M. Ronit
537090,O. Hippolyta
826264,M. Gr&oacute;a
782430,Y. Dominik
976151,D. Aegidius
37959,F. Mahatma
909162,N. Josephus
625850,I. Manuel
983902,V. Antoninus
700497,E. Nora
36352,U. Eerikki
52236,Y. Korinna
436529,W. Sauli
768468,Q. Yahui
304236,D. Ib
474074,G. Javed
415975,S. Hudde
811110,I. Jorge
625501,P. Wilkie
442580,S. Hadrianus
159296,C. Vencesl&aacute;s
815535,E. Manu
797315,N. Hanne
632432,N. Stephen
644659,Q. Darach
374761,E. Jaroslava
660385,N. Minodora
633305,X. Hermes
530776,Z. Gosia
986643,D. Hanne
584957,I. Veselko
73939,D. Zvi
474327,E. Ragnvald
645089,Z. Tancredi
368655,M. Glooscap
104825,U. Israel
440613,F. Bruce
768829,I. Zinoviy
231676,M. Jeremy
813056,M. Rolf
213467,P. Gu&eth;laug
469260,R. Clopas
181727,O. Conor
754694,E. Svjetlana
505685,F. Irene
222583,W. Brook
379464,J. Jeanette
941358,J. Draven
170319,J. Merche
240906,W. Aristomache
595698,P. Anka
910344,T. Darja
484027,M. Hailee
146766,L. Amir
47347,C. Vita
830428,D. Severi
387123,V. Jahangir
861465,R. Philippos
919463,R. Gautstafr
91894,T. Arnborg
881753,Z. Anxo
873998,V. Jahangir
658919,M. Hrei&eth;arr
743549,C. Anant
256625,R. Ghassan
83155,V. Jamyang
327963,I. Ragnvaldr
948014,J. Gawain
228491,H. Tatum
917421,R. Mphatso
311509,Z. Sara
140574,V. Mathis
873876,Y. S&iacute;lvia
725846,W. Aeolus
934828,T. Ask
6505,A. Wulfstan
679814,J. Maitland
850571,I. Joi
460133,F. Raabi'a
678820,K. Yehudit
263890,X. Tatjana
327393,F. Munro
779673,F. Chibueze
104757,J. Lennart
482115,F. Tel
442743,X. Aarti
366125,N. Rama
606679,Y. Vencesl&aacute;s
574926,B. Tyra
190331,J. Tatjana
544787,R. Albinus
520048,C. Kaede
22816,J. Odell
679306,A. Emperatriz
782125,G. Tex
555193,T. Gautselin
598017,M. Sandeep
238561,R. Gabrijel
457543,S. Adalberto
483454,Z. Ada
750067,G. Jena
568891,I. Paora
596852,I. Angharad
707826,Y. Floris
144012,H. Nogah
840237,C. Sekar
803007,M. Gervase
744840,P. Jorge
516308,B. Dominik
61192,X. Della
91015,P. Hardeep
869667,A. Bogus&#322;awa
724542,N. Krystiana
435313,H. Chico
106736,R. Merche
253631,A. Alfred
802389,H. Temujin
635488,A. Petre
875959,C. Ramesh
615079,S. Neela
43181,D. Adriano
705050,H. Dimitris
637088,B. Fulgentius
378461,Y. Jaroslava
92125,Y. Ece
76557,L. G&ouml;zde
370597,H. Aditya
604967,T. Veda
18228,S. Korinna
584277,U. Chico
270215,D. Thanos
858814,X. Magdalena
918965,L. Abram
531170,H. Eerikki
435958,E. Cathrine
260989,P. Shakir
362853,S. &#272;ur&#273;ica
577261,Z. Chinedu
616348,A. Nora
29128,Z. Keelin
393145,U. Johanne
283061,Y. Jorge
568544,P. Scout
523192,J. Cenk
33263,L. Peregrine
238197,R. Ahenobarbus
391624,A. Pons
295934,X. &#321;ucjan
102967,I. H&aacute;kon
688683,M. Gwawr
668161,B. Khordad
117286,G. Manuel
224757,I. Rozika
176717,L. R&uuml;diger
835276,I. Josu&eacute;
776207,F. Otto
108772,N. Ganymede
719920,N. Nogah
698265,Z. Cathrine
94740,Q. Ivor
493622,K. Disha
681478,G. Aparna
770,F. Shane
886815,S. Maxen
870784,C. Abdul
388635,O. Karthik
734060,Q. Tobias
269914,C. Biaggio
89810,X. Toon
293743,F. Marita
943547,Z. Batari
432367,Z. Israel
43263,F. Avinash
861131,J. Gavrila
409165,T. Rozika
236979,Y. Sandford
582770,P. Tex
354515,R. Theodoor
364500,D. Terence
232043,J. Alim
645829,W. Nazzareno
274019,X. Viviana
750252,Q. Ramesh
299284,Q. Judita
614184,D. Gunnel
530229,S. Magdalena
339978,K. Zinoviy
152204,W. Gerel
686826,Q. Susilo
674813,R. Miren
694554,R. R&uuml;&#351;en
272375,C. Rizwana
57049,E. Salomea
598402,G. Berenice
750547,Z. Ragnvald
900619,Q. Javed
953605,T. Willem
643567,Z. Djuradj
756770,N. Irene
899376,G. Godehard
365130,P. Neela
581226,K. J&aacute;n
12735,T. Jesenia
186569,X. Nthanda
996563,E. Helena
335530,L. Ida
473153,V. Eva
475851,S. Joi
214490,Y. Jena
53572,Q. Nazarenus
257843,E. Evelyn
473133,M. Karthik
457109,Q. Pythagoras
992728,B. Zahide
379274,P. Mirele
747282,J. Nurettin
110631,B. Petronela
842003,E. Floella
577250,M. Ajax
519550,U. Miren
860069,T. Pradip
293360,A. Mathis
608152,S. Minodora
377844,C. Theodora
200840,I. Dalibor
827687,N. Yehudi
675355,G. Jordana
697450,G. Darija
537539,O. Milena
985096,P. Wilfrith
455849,U. Kalyana
282225,O. Cadmus
594506,O. S&iacute;lvia
889074,L. Ghassan
352500,D. Joi
497699,Y. &Aacute;sketill
176554,F. Renata
345865,V. Ramachandra
514189,O. Z&eacute;
379663,I. Ewald
28563,U. V&iacute;t
202381,D. Morgan
406954,Z. Nye
99390,W. Iris
272419,W. Maarja
305315,U. Paco
461711,W. Mars
368592,F. Blagoje
867961,E. Arnoud
537069,B. Dmitar
411817,V. Karan
352276,E. Gavrila
168157,E. Roko
467612,N. Sevinj
661191,I. S&iacute;lvia
400677,B. Impi
62813,F. Yevgeni
322955,Z. Ada
362201,V. Alphaios
750793,G. Zvi
990179,Z. Brygida
536210,R. &#321;ucja
671110,C. &THORN;&oacute;rv&iacute;
22089,T. Philippos
961871,C. Konstanze
842955,J. Raelene
679393,M. Trey
164091,S. Yeong-Gi
642914,Z. Neirin
630052,U. Abram
505168,R. Rajendra
329528,J. Feofan
272811,D. Baggi
807379,Z. Topias
999917,Q. Anila
639198,B. Abiah
30537,C. Silver
151996,P. Susilo
372169,T. Avetis
591721,Y. Aleksander
315017,A. Manuel
470227,A. Nechtan
925978,E. Evangelos
366779,P. Sofia
743892,W. Tanja
751210,L. Willabert
789412,K. Wynne
437662,U. Julius
535268,U. Narayan
444431,D. Ev&#382;en
915944,H. Epiphany
972690,A. Firminus
150880,G. Gunnel
637976,Z. Ivanka
939714,B. Philippos
567023,O. Aishwarya
813800,U. Jeremiel
424848,E. Hanne
531552,Q. Bernhard
325884,Z. &Eacute;vrard
405192,B. Impi
307348,R. Santina
361881,E. Gwilherm
357953,U. &AElig;thelthryth
102945,M. Godehard
80421,X. Oph&eacute;lie
962284,E. Aoide
746367,I. Eduard
617370,A. Lewis
463816,B. Tanja
361073,H. Hlengiwe
140511,Y. Henri
788709,Z. Evonne
747997,O. Khordad
385154,L. I&eth;unn
444073,O. Jena
708668,I. Philippos
968351,D. Walker
177136,Y. Tyra
870291,K. Alphaios
492247,V. Audovacar
475300,K. Jeffrey
792141,D. Klahan
110001,M. Anniina
550506,I. Abbi
86073,Y. Alim
283725,U. &#321;ucjan
957264,Q. Kyrilu
47888,U. Iahel
87151,U. Islay
400937,R. Enik&#337;
910791,O. Balthazar
924060,Z. Darach
318979,I. Namrata
969852,G. Conor
463272,L. Sujay
912365,V. Biaggio
763063,N. Judita
278084,X. Rolf
74799,Z. Haig
649728,W. Hudde
331240,X. Octavia
325254,Y. Alim
387775,B. Raffaele
783152,V. Kjell
412891,R. Marcy
237419,F. Surendra
965403,W. Tanvi
81547,S. Conor
279339,T. Tim
912720,P. Marita
506640,X. Tajana
536400,D. Vangel
310493,M. Kamon
938920,K. Aku
972188,J. Chantal
45426,I. Logan
926006,Z. Krista
603898,E. Ramesh
610637,Q. Iahel
582431,G. Abdul
920217,Q. Margareta
18435,M. Manuel
350201,R. Hr&oacute;&eth;&oacute;lfr
718142,R. Magdalena
608462,S. Ib
786,G. Fflur
323830,E. Christian
857011,C. Hanne
845707,X. Adrianus
913775,Q. Salomea
194589,E. Terentiy
535743,L. Aleksander
262489,L. Dalibor
762604,H. Wilbur
335590,S. Michayla
394340,M. Vesa
208977,S. Bishal
228551,N. Magdalena
50961,L. Leocadio
471900,G. Albertine
404086,R. Cemil
354161,M. Chantal
891227,W. Jankin
325779,G. Avinash
596736,C. Anka
192639,X. Euphemia
675266,W. Arya
454271,D. Amice
166257,S. Jelani
905509,M. Hanne
803513,N. Ashwin
747783,M. Nola
789458,Z. Krystian
278741,Q. Elias
933773,G. Nogah
363017,L. Kylie
599963,L. Pritha
452089,P. Math
809111,Y. Frode
516736,P. Jeremy
488739,E. Ajax
952414,Z. Sasha
410799,K. Willem
159088,Z. Chandrakanta
959885,A. Vangel
148780,H. Anastacia
120115,E. Julianna
599217,N. Erle
330991,V. Ozzy
850045,N. Shane
144631,Z. Godofredo
618837,T. H&uuml;sniye
143174,K. P&aacute;draic
608871,U. Kamon
858059,D. Eduard
3825,R. Netanyahu
238808,K. Firminus
754627,E. Sara
5553,B. Jeremy
674196,W. Breixo
182416,B. Jayanti
817374,E. Neela
359558,T. Vangel
82074,U. Jocelyn
780015,Z. Bhaskar
870802,O. Ratimir
233804,D. Hrodger
501688,A. Chantal
93840,A. Surendra
852074,Y. Jeremy
809480,O. Stanka
938445,C. Ozzy
191383,P. Kunzang
528149,H. Rohit
75127,J. Carola
824906,V. Eyl&uuml;l
442619,Y. Helena
15676,W. Abiah
692351,E. Loida
287283,V. Retha
650517,H. Damijan
443036,R. Pons
767326,S. Sibonakaliso
282913,W. Jakob
598669,X. Renate
89004,A. Abram
274095,X. Logan
909104,B. Roni
232305,O. Siward
281956,P. Minna
732253,Y. Tonya
765612,Q. Chinedu
199407,Z. Arnie
425902,U. Tyra
527170,T. Danka
766875,Z. Rizwana
48523,Z. Haig
605920,Z. N&aacute;ndor
940753,C. Morgan
663214,I. Tryggvi
625379,R. Deiniol
153079,R. &#272;ur&#273;ica
184760,O. Bhaskar
428157,Y. Rama
411421,C. Ahenobarbus
693326,N. Beniamino
647835,Z. Krista
201215,L. Eduard
885494,U. Radha
909375,G. Adelina
76493,T. Khordad
521013,O. Swithun
718675,K. Yissakhar
920455,A. Josu&eacute;
441969,J. Aku
881886,J. Deiniol
812859,Y. Oph&eacute;lie
541687,D. Grete
977474,X. Magdalena
868877,U. Theudhar
14204,N. Ozzy
145708,A. Aida
545353,V. Dijana
928899,C. Floriana
205895,P. Epiphany
936215,C. Daniela
403087,N. Amor
622330,B. Annabella
232568,P. Petre
174554,J. Merry
111503,R. Friduman
668793,G. Maree
32207,R. Edith
870154,U. Inge
159847,H. J&oacute;zsef
280003,N. Govinda
956652,W. Javed
837629,L. Salomea
124149,P. Nyx
218058,G. Chibueze
545083,R. Hadrianus
181717,Q. Santina
648973,R. Eduard
665527,I. Agnessa
184537,N. Bohum&iacute;r
164324,V. Hadrianus
454072,N. Renate
415695,P. Theodora
74529,E. Cale
440752,F. Ragnvald
383243,O. Radomil
948909,S. Cemil
767107,R. Karishma
932246,K. Godehard
340522,Z. Della
746886,A. Stephen
571200,Q. Albano
732905,J. Vural
370683,I. Apollon
233455,E. Liisi
979422,J. Vijay
785497,M. Blagoje
287767,V. Gergana
34793,C. Brook
929433,C. Aparna
615183,E. Jacklyn
